{
  "best_model": "Logistic Regression",
  "comparison": [
    {
      "model": "Logistic Regression",
      "roc_auc": 0.8450915807693301,
      "accuracy": 0.7998580553584103,
      "precision": 0.6586206896551724,
      "recall": 0.5106951871657754,
      "f1": 0.5753012048192772
    },
    {
      "model": "Random Forest",
      "roc_auc": 0.842900875765326,
      "accuracy": 0.8005677785663591,
      "precision": 0.6597938144329897,
      "recall": 0.5133689839572193,
      "f1": 0.5774436090225564
    },
    {
      "model": "XGBoost",
      "roc_auc": 0.8350590301996953,
      "accuracy": 0.7877927608232789,
      "precision": 0.6245847176079734,
      "recall": 0.5026737967914439,
      "f1": 0.557037037037037
    }
  ],
  "retention": {
    "baseline_loss": 27214.9,
    "targeted_customers": 141,
    "expected_saved": 2495.6699999999996,
    "incentive_spend": 1410.0,
    "net_loss": 26129.230000000003,
    "reduction_pct": 0.09170233952724424
  }
}